序号,股票代码,股票简称,报告名称,东财评级,机构,近一月个股研报数,2026-盈利预测-收益,2026-盈利预测-市盈率,2027-盈利预测-收益,2027-盈利预测-市盈率,2028-盈利预测-收益,2028-盈利预测-市盈率,行业,日期,报告PDF链接
1,000001,平安银行,2025年报及2026一季报点评：收入利润增速均回正,中性,国信证券,1,2.08,5.3,2.09,5.3,2.11,5.2,银行Ⅱ,2026-04-26,https://pdf.dfcfw.com/pdf/H3_AP202604261821586763_1.pdf
2,000001,平安银行,2025年报点评：资产质量压力减轻,中性,国信证券,1,2.08,5.2,2.09,5.1,2.11,5.1,银行Ⅱ,2026-03-22,https://pdf.dfcfw.com/pdf/H3_AP202603221820687530_1.pdf
3,000001,平安银行,2025年三季报点评：三季度息差阶段企稳，资产质量总体平稳,买入,东兴证券,1,2.24,5.17,2.32,4.98,,,银行Ⅱ,2025-10-28,https://pdf.dfcfw.com/pdf/H3_AP202510281770514161_1.pdf
4,000001,平安银行,2025年三季报点评：息差环比回升，资产质量平稳,中性,国信证券,1,2.04,5.7,2.07,5.6,,,银行Ⅱ,2025-10-26,https://pdf.dfcfw.com/pdf/H3_AP202510261769278155_1.pdf
5,000001,平安银行,2025年半年报点评：盈利降幅收窄，零售资产质量改善,买入,东兴证券,1,2.24,5.56,2.32,5.37,,,银行Ⅱ,2025-08-27,https://pdf.dfcfw.com/pdf/H3_AP202508271735342281_1.pdf
6,000001,平安银行,2025年中报点评：收入利润降幅收窄，资产质量稳定,中性,国信证券,1,,,,,,,银行Ⅱ,2025-08-24,https://pdf.dfcfw.com/pdf/H3_AP202508241733444225_1.pdf
7,000001,平安银行,2024年年报点评：结构优化见效，风险处置有力,买入,民生证券,1,,,,,,,银行Ⅱ,2025-03-18,https://pdf.dfcfw.com/pdf/H3_AP202503181644529525_1.pdf
8,000001,平安银行,点评报告：结构调整持续，资产质量指标变动不大,增持,万联证券,1,2.38,5.03,2.53,4.73,,,银行Ⅱ,2025-03-18,https://pdf.dfcfw.com/pdf/H3_AP202503181644488421_1.pdf
9,000001,平安银行,贷款结构优化，营收降幅收窄,中性,国信证券,1,,,,,,,银行Ⅱ,2025-03-16,https://pdf.dfcfw.com/pdf/H3_AP202503161644416306_1.pdf
10,000001,平安银行,2024年三季报点评：零售业务调优结构，存款成本持续改善,买入,东兴证券,1,2.6,4.54,,,,,银行Ⅱ,2024-10-22,https://pdf.dfcfw.com/pdf/H3_AP202410221640398395_1.pdf
11,000001,平安银行,2024年三季报点评：持续优化贷款业务结构,中性,国信证券,1,2.47,4.9,,,,,银行Ⅱ,2024-10-20,https://pdf.dfcfw.com/pdf/H3_AP202410201640374148_1.pdf
12,000001,平安银行,2024年三季报点评：息差降幅收窄，利润维持正增,买入,民生证券,1,,,,,,,银行Ⅱ,2024-10-19,https://pdf.dfcfw.com/pdf/H3_AP202410191640373303_1.pdf
13,000001,平安银行,点评报告：调整业务结构 公布中期分红,增持,万联证券,1,2.54,3.94,,,,,银行Ⅱ,2024-08-19,https://pdf.dfcfw.com/pdf/H3_AP202408191639329854_1.pdf
14,000001,平安银行,2024年半年报点评：净利润保持正增长，中期分红方案落地,买入,东兴证券,1,2.6,3.85,,,,,银行Ⅱ,2024-08-19,https://pdf.dfcfw.com/pdf/H3_AP202408191639328390_1.pdf
15,000001,平安银行,2024年中报点评：非息收入增长亮眼,中性,国信证券,1,,,,,,,银行Ⅱ,2024-08-16,https://pdf.dfcfw.com/pdf/H3_AP202408161639304268_1.pdf
16,000001,平安银行,2024年半年报点评：持续调整结构，宣布中期分红,买入,民生证券,1,,,,,,,银行Ⅱ,2024-08-16,https://pdf.dfcfw.com/pdf/H3_AP202408161639302707_1.pdf
17,000001,平安银行,2024年一季报点评：其他非息表现亮眼，拨备反哺利润正增,买入,东兴证券,1,2.68,3.99,,,,,银行Ⅱ,2024-04-22,https://pdf.dfcfw.com/pdf/H3_AP202404221630972416_1.pdf
18,000001,平安银行,2024年一季报点评：息差拖累营收，加大不良处置,增持,国信证券,1,,,,,,,银行Ⅱ,2024-04-21,https://pdf.dfcfw.com/pdf/H3_AP202404211630895710_1.pdf
19,000001,平安银行,2024年一季报点评：主动调整结构，扩张节奏放缓,买入,民生证券,1,,,,,,,银行Ⅱ,2024-04-20,https://pdf.dfcfw.com/pdf/H3_AP202404201630803966_1.pdf
20,000001,平安银行,2023年年报点评：分红比例超预期，主动降低信用风险偏好,买入,东兴证券,1,2.68,3.96,,,,,银行Ⅱ,2024-03-18,https://pdf.dfcfw.com/pdf/H3_AP202403181626972107_1.pdf
21,000001,平安银行,点评报告：分红率提升,增持,万联证券,1,2.5,4.09,,,,,银行Ⅱ,2024-03-15,https://pdf.dfcfw.com/pdf/H3_AP202403151626835968_1.pdf
22,000001,平安银行,2023年年报点评：积极调整信贷结构，财富业务基础夯实,买入,民生证券,1,2.91,4.0,,,,,银行Ⅱ,2024-03-15,https://pdf.dfcfw.com/pdf/H3_AP202403151626825162_1.pdf
23,000001,平安银行,2023年报点评：调降信用风险偏好，经营更稳健,增持,国信证券,1,2.67,3.8,,,,,银行Ⅱ,2024-03-15,https://pdf.dfcfw.com/pdf/H3_AP202403151626825160_1.pdf
24,000001,平安银行,点评报告：信贷结构持续调整，零售中间业务保持高增,增持,万联证券,1,,,,,,,银行Ⅱ,2023-10-26,https://pdf.dfcfw.com/pdf/H3_AP202310261604019504_1.pdf
25,000001,平安银行,资产质量平稳，私行业务表现亮眼,买入,东兴证券,1,,,,,,,银行Ⅱ,2023-10-26,https://pdf.dfcfw.com/pdf/H3_AP202310261603795901_1.pdf
26,000001,平安银行,盈利增速放缓，业务转型持续,增持,中银证券,1,,,,,,,银行Ⅱ,2023-10-26,https://pdf.dfcfw.com/pdf/H3_AP202310251603496389_1.pdf
27,000001,平安银行,2023年三季报点评：私行业务亮眼，中收稳步修复,买入,民生证券,1,,,,,,,银行Ⅱ,2023-10-25,https://pdf.dfcfw.com/pdf/H3_AP202310241602964805_1.pdf
28,000001,平安银行,点评报告：银保业务快速推进,增持,万联证券,1,,,,,,,银行Ⅱ,2023-08-29,https://pdf.dfcfw.com/pdf/H3_AP202308291596605695_1.pdf
29,000001,平安银行,2023年中报点评：息差有所回落，资产质量平稳,增持,国信证券,1,,,,,,,银行Ⅱ,2023-08-24,https://pdf.dfcfw.com/pdf/H3_AP202308241595701513_1.pdf
30,000001,平安银行,息差高位收窄，私行业务发展亮眼,买入,东兴证券,1,,,,,,,银行Ⅱ,2023-08-24,https://pdf.dfcfw.com/pdf/H3_AP202308241595700450_1.pdf
31,000001,平安银行,手续费增长改善，资本压力缓解,增持,中银证券,1,,,,,,,银行Ⅱ,2023-08-24,https://pdf.dfcfw.com/pdf/H3_AP202308241595696576_1.pdf
32,000001,平安银行,2023年中报点评：盈利能力回升，资产质量向好,买入,民生证券,1,,,,,,,银行Ⅱ,2023-08-24,https://pdf.dfcfw.com/pdf/H3_AP202308241595690495_1.pdf
33,000001,平安银行,拨备释放驱动H123归母净利润+14.9%,买入,山西证券,1,,,,,,,银行Ⅱ,2023-08-24,https://pdf.dfcfw.com/pdf/H3_AP202308241595683607_1.pdf
34,000001,平安银行,点评报告：财富管理业务稳步推进,增持,万联证券,1,,,,,,,银行Ⅱ,2023-04-29,https://pdf.dfcfw.com/pdf/H3_AP202304291586122729_1.pdf
35,000001,平安银行,息差收窄符合预期，财富管理稳健发展,买入,东兴证券,1,,,,,,,银行Ⅱ,2023-04-25,https://pdf.dfcfw.com/pdf/H3_AP202304251585792572_1.pdf
36,000001,平安银行,2023年一季报点评：风险抵补能力保持较好水平,增持,国信证券,1,,,,,,,银行Ⅱ,2023-04-25,https://pdf.dfcfw.com/pdf/H3_AP202304251585792142_1.pdf
37,000001,平安银行,风险偏好持续下降，资产质量边际改善,增持,中银证券,1,,,,,,,银行Ⅱ,2023-04-25,https://pdf.dfcfw.com/pdf/H3_AP202304251585791238_1.pdf
38,000001,平安银行,等待复苏，为“起跳”蓄力,,信达证券,1,,,,,,,银行Ⅱ,2023-04-25,https://pdf.dfcfw.com/pdf/H3_AP202304251585787040_1.pdf
39,000001,平安银行,点评报告：净利润维持高增,增持,万联证券,1,,,,,,,银行Ⅱ,2023-03-13,https://pdf.dfcfw.com/pdf/H3_AP202303131584221640_1.pdf
40,000001,平安银行,净利润保持高增，财富管理稳健发展,买入,东兴证券,1,,,,,,,银行Ⅱ,2023-03-10,https://pdf.dfcfw.com/pdf/H3_AP202303101584178968_1.pdf
41,000001,平安银行,2022年报点评：利润延续高增，加力支持实体,买入,民生证券,1,,,,,,,银行Ⅱ,2023-03-10,https://pdf.dfcfw.com/pdf/H3_AP202303101584172098_1.pdf
42,000001,平安银行,业绩持续高增，资产质量边际压力略升,增持,中银证券,1,,,,,,,银行Ⅱ,2023-03-10,https://pdf.dfcfw.com/pdf/H3_AP202303091584161355_1.pdf
43,000001,平安银行,规模扩张带动2022年业绩高增长,买入,山西证券,1,,,,,,,银行Ⅱ,2023-03-09,https://pdf.dfcfw.com/pdf/H3_AP202303091584159811_1.pdf
44,000001,平安银行,2022年年报点评：净利润维持高增，资产负债规模稳步扩张,买入,东莞证券,1,,,,,,,银行Ⅱ,2023-03-09,https://pdf.dfcfw.com/pdf/H3_AP202303091584152218_1.pdf
45,000001,平安银行,资产规模稳健增长，积极支持实体经济,增持,国信证券,1,,,,,,,银行Ⅱ,2023-03-09,https://pdf.dfcfw.com/pdf/H3_AP202303091584148565_1.pdf
46,000001,平安银行,业绩持续高增，稳中求进的零售转型优等生,,信达证券,1,,,,,,,银行Ⅱ,2023-03-09,https://pdf.dfcfw.com/pdf/H3_AP202303091584148521_1.pdf
47,000001,平安银行,深度报告：把握修复主线，静候春暖花开,买入,东莞证券,1,,,,,,,银行Ⅱ,2023-02-16,https://pdf.dfcfw.com/pdf/H3_AP202302161583248252_1.pdf
48,000001,平安银行,深度报告：把握财富良机，零售新王崛起,买入,民生证券,1,,,,,,,银行Ⅱ,2023-02-09,https://pdf.dfcfw.com/pdf/H3_AP202302091582932196_1.pdf
49,000001,平安银行,业绩增长高位持续，持续推荐,增持,中银证券,1,,,,,,,银行Ⅱ,2023-01-17,https://pdf.dfcfw.com/pdf/H3_AP202301171582076721_1.pdf
50,000001,平安银行,2022年业绩快报点评：负债结构优化，资产质量稳定,增持,国信证券,1,,,,,,,银行Ⅱ,2023-01-17,https://pdf.dfcfw.com/pdf/H3_AP202301171582070344_1.pdf
51,000001,平安银行,2022年三季报点评：信贷结构优化，切实服务实体,买入,民生证券,1,,,,,,,银行Ⅱ,2022-10-26,https://pdf.dfcfw.com/pdf/H3_AP202210261579476936_1.pdf
52,000001,平安银行,服务实体经济能力不断增强,增持,中银证券,1,,,,,,,银行Ⅱ,2022-10-25,https://pdf.dfcfw.com/pdf/H3_AP202210251579458236_1.pdf
53,000001,平安银行,营收平稳增长，资产质量保持稳定,买入,东兴证券,1,,,,,,,银行Ⅱ,2022-10-25,https://pdf.dfcfw.com/pdf/H3_AP202210251579454260_1.pdf
54,000001,平安银行,1-3Q22归母净利润同比+25.8%，负债结构优化&资产质量稳健,买入,山西证券,1,,,,,,,银行Ⅱ,2022-10-25,https://pdf.dfcfw.com/pdf/H3_AP202210251579441690_1.pdf
55,000001,平安银行,规模稳健扩张，大力支持实体,增持,国信证券,1,,,,,,,银行Ⅱ,2022-10-25,https://pdf.dfcfw.com/pdf/H3_AP202210251579439624_1.pdf
56,000001,平安银行,点评报告：资产质量稳定 负债结构进一步优化,增持,万联证券,1,,,,,,,银行Ⅱ,2022-08-23,https://pdf.dfcfw.com/pdf/H3_AP202208231577503538_1.pdf
57,000001,平安银行,2022年中报点评：利润保持高增，零售深化转型,买入,民生证券,1,,,,,,,银行Ⅱ,2022-08-22,https://pdf.dfcfw.com/pdf/H3_AP202208221577446168_1.pdf
58,000001,平安银行,业绩增速平稳，盈利能力回升,增持,国信证券,1,,,,,,,银行Ⅱ,2022-08-19,https://pdf.dfcfw.com/pdf/H3_AP202208191577363997_1.pdf
59,000001,平安银行,业绩持续高增，关注估值修复机会,增持,中银证券,1,,,,,,,银行Ⅱ,2022-08-18,https://pdf.dfcfw.com/pdf/H3_AP202208181577334222_1.pdf
60,000001,平安银行,盈利实现较高增速，资产质量保持稳健,买入,东兴证券,1,,,,,,,银行Ⅱ,2022-08-18,https://pdf.dfcfw.com/pdf/H3_AP202208181577332102_1.pdf
61,000001,平安银行,点评报告：净利润增速维持高位,增持,万联证券,1,,,,,,,银行Ⅱ,2022-04-28,https://pdf.dfcfw.com/pdf/H3_AP202204281562130553_1.pdf
62,000001,平安银行,业绩持续高增，战略推进积极,增持,中银证券,1,,,,,,,银行Ⅱ,2022-04-28,https://pdf.dfcfw.com/pdf/H3_AP202204281562108038_1.pdf
63,000001,平安银行,净息差环比回升，业绩保持高增,买入,东兴证券,1,,,,,,,银行Ⅱ,2022-04-27,https://pdf.dfcfw.com/pdf/H3_AP202204271561984432_1.pdf
64,000001,平安银行,2022年一季报点评：存款增长加快，净息差环比回升,增持,国信证券,1,,,,,,,银行Ⅱ,2022-04-27,https://pdf.dfcfw.com/pdf/H3_AP202204271561941015_1.pdf
65,000001,平安银行,2022年一季报详解：业绩立标杆，质效双提升,买入,民生证券,1,,,,,,,银行Ⅱ,2022-04-27,https://pdf.dfcfw.com/pdf/H3_AP202204271561920106_1.pdf
66,000001,平安银行,Q1归母净利润同比+26.8%，资产质量良好,买入,华金证券,1,,,,,,,银行Ⅱ,2022-04-27,https://pdf.dfcfw.com/pdf/H3_AP202204261561812087_1.pdf
67,000001,平安银行,点评报告：盈利增速维持高位,增持,万联证券,1,,,,,,,银行Ⅱ,2022-03-11,https://pdf.dfcfw.com/pdf/H3_AP202203111551937127_1.pdf
68,000001,平安银行,2021年年报详解：财富管理突破，资产质量向好,买入,民生证券,1,,,,,,,银行Ⅱ,2022-03-11,https://pdf.dfcfw.com/pdf/H3_AP202203111551931558_1.pdf
69,000001,平安银行,业绩持续高增，战略推进积极,增持,中银证券,1,,,,,,,银行Ⅱ,2022-03-11,https://pdf.dfcfw.com/pdf/H3_AP202203111551931552_1.pdf
70,000001,平安银行,营收增速环比提升，资产质量持续改善,增持,山西证券,1,,,,,,,银行Ⅱ,2022-03-10,https://pdf.dfcfw.com/pdf/H3_AP202203101551779148_1.pdf
71,000001,平安银行,业绩保持稳健高增，资产质量持续改善,买入,东兴证券,1,,,,,,,银行Ⅱ,2022-03-10,https://pdf.dfcfw.com/pdf/H3_AP202203101551760031_1.pdf
72,000001,平安银行,2021年报点评：业绩增速稳中有升，资产质量持续改善,增持,国信证券,1,,,,,,,银行Ⅱ,2022-03-10,https://pdf.dfcfw.com/pdf/H3_AP202203101551739416_1.pdf
73,000001,平安银行,归母净利润同比+25.6%，拨备覆盖率大幅增长,买入,华金证券,1,,,,,,,银行Ⅱ,2022-03-10,https://pdf.dfcfw.com/pdf/H3_AP202203101551725799_1.pdf
74,000001,平安银行,2021年业绩快报点评：营收上行，拨备大增,买入,民生证券,1,,,,,,,银行Ⅱ,2022-01-18,https://pdf.dfcfw.com/pdf/H3_AP202201181541101052_1.pdf
75,000001,平安银行,业绩快报：2021归母净利润同比+25.6%,买入,华金证券,1,,,,,,,银行Ⅱ,2022-01-13,https://pdf.dfcfw.com/pdf/H3_AP202201131540222046_1.pdf
76,000001,平安银行,业绩持续高增长，财富科技战略积极推进,买入,中银证券,1,,,,,,,银行Ⅱ,2021-10-22,https://pdf.dfcfw.com/pdf/H3_AP202110221524298449_1.pdf
77,000001,平安银行,盈利高增可持续，私行财富发展迅猛,买入,东兴证券,1,,,,,,,银行Ⅱ,2021-10-22,https://pdf.dfcfw.com/pdf/H3_AP202110221524299460_1.pdf
78,000001,平安银行,2021三季报点评：利润增速创新高 资产质量强认定,买入,申港证券,1,,,,,,,银行Ⅱ,2021-10-22,https://pdf.dfcfw.com/pdf/H3_AP202110221524264508_1.pdf
79,000001,平安银行,业绩保持高速增长，非息净收入占比稳步提升,买入,华金证券,1,,,,,,,银行Ⅱ,2021-10-21,https://pdf.dfcfw.com/pdf/H3_AP202110211524144742_1.pdf
80,000001,平安银行,点评报告：财富管理业务维持高速增长,增持,万联证券,1,,,,,,,银行Ⅱ,2021-10-21,https://pdf.dfcfw.com/pdf/H3_AP202110211524135476_1.pdf
81,000001,平安银行,零售客户高增长，资产质量优化,买入,华安证券,1,,,,,,,银行Ⅱ,2021-10-21,https://pdf.dfcfw.com/pdf/H3_AP202110211524125091_1.pdf
82,000001,平安银行,2021年三季报点评：利润超预期，中收有潜力,买入,东吴证券,1,,,,,,,银行Ⅱ,2021-10-21,https://pdf.dfcfw.com/pdf/H3_AP202110211524054018_1.pdf
83,000001,平安银行,零售转型标杆 集团联动赋能,买入,申港证券,1,,,,,,,银行Ⅱ,2021-09-23,https://pdf.dfcfw.com/pdf/H3_AP202109231518061832_1.pdf
84,000001,平安银行,财富管理领先，拨备缓释业绩超预期,增持,山西证券,1,,,,,,,银行Ⅱ,2021-08-23,https://pdf.dfcfw.com/pdf/H3_AP202108231511816749_1.pdf
85,000001,平安银行,资产质量表现优异，私行财富发展迅猛,买入,东兴证券,1,,,,,,,银行Ⅱ,2021-08-22,https://pdf.dfcfw.com/pdf/H3_AP202108221511673456_1.pdf
86,000001,平安银行,2021年中报点评：资产质量达到历史最佳状态,买入,东吴证券,1,,,,,,,银行,2021-08-22,https://pdf.dfcfw.com/pdf/H3_AP202108221511503965_1.pdf
87,000001,平安银行,点评报告：财富管理业务保持较快增长,增持,万联证券,1,,,,,,,银行Ⅱ,2021-08-20,https://pdf.dfcfw.com/pdf/H3_AP202108201511236382_1.pdf
88,000001,平安银行,归母净利润增速大超预期,买入,华安证券,1,,,,,,,银行Ⅱ,2021-08-20,https://pdf.dfcfw.com/pdf/H3_AP202108201511171720_1.pdf
89,000001,平安银行,业绩保持快增，资产质量向好,买入,中银证券,1,,,,,,,银行Ⅱ,2021-08-20,https://pdf.dfcfw.com/pdf/H3_AP202108201511167866_1.pdf
90,000001,平安银行,H121归母净利润同比+28.5%,买入,华金证券,1,,,,,,,银行Ⅱ,2021-08-19,https://pdf.dfcfw.com/pdf/H3_AP202108191511073988_1.pdf
91,000001,平安银行,此玉已烧三日满：透视平安银行零售转型,买入,华安证券,1,,,,,,,银行Ⅱ,2021-08-19,https://pdf.dfcfw.com/pdf/H3_AP202108191511005831_1.pdf
92,000001,平安银行,点评报告：零售业务增长强劲，资产质量仍在改善,增持,万联证券,1,,,,,,,银行Ⅱ,2021-04-27,https://pdf.dfcfw.com/pdf/H3_AP202104271488157449_1.pdf
93,000001,平安银行,多面开花，业绩卓然,买入,中银证券,1,,,,,,,银行Ⅱ,2021-04-23,https://pdf.dfcfw.com/pdf/H3_AP202104231487298764_1.pdf
94,000001,平安银行,2021年一季报：业绩表现优秀，资产质量进一步夯实,买入,万和证券,1,,,,,,,银行Ⅱ,2021-04-22,https://pdf.dfcfw.com/pdf/H3_AP202104221487067361_1.pdf
95,000001,平安银行,2021年一季报点评：盈利实现高增，资产质量改善明显,买入,东莞证券,1,,,,,,,银行Ⅱ,2021-04-22,https://pdf.dfcfw.com/pdf/H3_AP202104221486985954_1.pdf
96,000001,平安银行,净利润双位数增长，资产质量持续改善,买入,东兴证券,1,,,,,,,银行Ⅱ,2021-04-21,https://pdf.dfcfw.com/pdf/H3_AP202104211486887938_1.pdf
97,000001,平安银行,平安银行一季报点评：业绩高速增长，资产质量指标全面改善,买入,太平洋,1,,,,,,,银行Ⅱ,2021-04-21,https://pdf.dfcfw.com/pdf/H3_AP202104211486877407_1.pdf
98,000001,平安银行,业绩超预期、出清历史包袱资产质量更优,买入,华金证券,1,,,,,,,银行Ⅱ,2021-04-21,https://pdf.dfcfw.com/pdf/H3_AP202104211486839366_1.pdf
99,000001,平安银行,由资产质量引发的超预期高增长！,买入,东吴证券,1,,,,,,,银行Ⅱ,2021-04-21,https://pdf.dfcfw.com/pdf/H3_AP202104211486788590_1.pdf
100,000001,平安银行,平安银行年报点评：表外理财回表，2021年轻装上阵,买入,太平洋,1,,,,,,,银行Ⅱ,2021-02-03,https://pdf.dfcfw.com/pdf/H3_AP202102031457966394_1.pdf
101,000001,平安银行,年报点评报告：资产质量持续改善 零售端持续发力,增持,万联证券,1,,,,,,,银行Ⅱ,2021-02-03,https://pdf.dfcfw.com/pdf/H3_AP202102031457943495_1.pdf
102,000001,平安银行,轻装上阵，优化内核,买入,中银证券,1,,,,,,,银行Ⅱ,2021-02-02,https://pdf.dfcfw.com/pdf/H3_AP202102021457442496_1.pdf
103,000001,平安银行,零售对公业务亮点纷呈，资产质量持续改善,买入,东兴证券,1,,,,,,,银行Ⅱ,2021-02-02,https://pdf.dfcfw.com/pdf/H3_AP202102021457442446_1.pdf
104,000001,平安银行,全年归母净利润增速转正，零售转型值得赞许,买入,华金证券,1,,,,,,,银行Ⅱ,2021-02-02,https://pdf.dfcfw.com/pdf/H3_AP202102021457422764_1.pdf
105,000001,平安银行,2020年年报点评：四季度利润强劲反弹43%，不良率降至近六年新低,买入,东吴证券,1,,,,,,,银行Ⅱ,2021-02-02,https://pdf.dfcfw.com/pdf/H3_AP202102011457266551_1.pdf
106,000001,平安银行,打造全球领先的智能化零售银行,买入,西南证券,1,,,,,,,银行Ⅱ,2021-02-01,https://pdf.dfcfw.com/pdf/H3_AP202102011456746325_1.pdf
107,000001,平安银行,积极进取的零售银行，受益于经济复苏，消费端回暖,增持,群益证券,1,,,,,,,银行Ⅱ,2020-12-28,https://pdf.dfcfw.com/pdf/H3_AP202012281444534566_1.pdf
108,000001,平安银行,金融科技赋能，零售对公协同发展,买入,中银证券,1,,,,,,,银行Ⅱ,2020-12-01,https://pdf.dfcfw.com/pdf/H3_AP202012011434971794_1.pdf
109,000001,平安银行,平安银行：净利润增速回正，资产质量拐点已现,买入,太平洋,1,,,,,,,银行Ⅱ,2020-10-26,https://pdf.dfcfw.com/pdf/H3_AP202010261423632815_1.pdf
110,000001,平安银行,夯实基础促稳健经营，零售发力战略执行坚定,买入,中银证券,1,,,,,,,银行Ⅱ,2020-10-23,https://pdf.dfcfw.com/pdf/H3_AP202010231423191051_1.pdf
111,000001,平安银行,平安银行2020年三季报业绩点评：业绩“V”型反转，支撑估值持续修复,增持,新时代证券,1,,,,,,,银行Ⅱ,2020-10-23,https://pdf.dfcfw.com/pdf/H3_AP202010231423185366_1.pdf
112,000001,平安银行,单季净利润显著回升，资产质量改善超预期,买入,东兴证券,1,,,,,,,银行Ⅱ,2020-10-23,https://pdf.dfcfw.com/pdf/H3_AP202010231423180736_1.pdf
113,000001,平安银行,1-3Q2020业绩点评：3Q净利增速回升，源于资产质量改善反哺,增持,群益证券,1,,,,,,,银行Ⅱ,2020-10-22,https://pdf.dfcfw.com/pdf/H3_AP202010221423056126_1.pdf
114,000001,平安银行,季报点评报告：资产质量好于市场预期,增持,万联证券,1,,,,,,,银行Ⅱ,2020-10-22,https://pdf.dfcfw.com/pdf/H3_AP202010221422985758_1.pdf
115,000001,平安银行,2020年三季报点评：三季报回暖振奋人心，不良率因何大幅下行？,买入,东吴证券,1,,,,,,,银行Ⅱ,2020-10-22,https://pdf.dfcfw.com/pdf/H3_AP202010221422933020_1.pdf
116,000001,平安银行,Profit expansion back on track; Asset quality a bright spot,买入,招银国际,1,,,,,,,银行Ⅱ,2020-10-22,https://pdf.dfcfw.com/pdf/H3_AP202010221422932008_1.pdf
117,000001,平安银行,不良核销力度加大，Q3净息差优化明显,买入,华金证券,1,,,,,,,银行Ⅱ,2020-10-22,https://pdf.dfcfw.com/pdf/H3_AP202010221422931148_1.pdf
118,000001,平安银行,详细解读平安银行2020年三季报：两市首份银行三季报，利润增速触底回升,买入,民生证券,1,,,,,,,银行Ⅱ,2020-10-22,https://pdf.dfcfw.com/pdf/H3_AP202010221422924331_1.pdf
119,000001,平安银行,平安银行2020年中报业绩点评：夯实转型基础，主动加大拨备计提,增持,新时代证券,1,,,,,,,银行Ⅱ,2020-08-31,https://pdf.dfcfw.com/pdf/H3_AP202008311404491408_1.pdf
120,000001,平安银行,拨备前利润增速稳健，关注资产质量表现,买入,中银证券,1,,,,,,,银行Ⅱ,2020-08-28,https://pdf.dfcfw.com/pdf/H3_AP202008281403023113_1.pdf
121,000001,平安银行,拨备前利润维持高增，资产质量稳健,买入,东兴证券,1,,,,,,,银行Ⅱ,2020-08-28,https://pdf.dfcfw.com/pdf/H3_AP202008281402957188_1.pdf
122,000001,平安银行,半年报点评报告：拨备前利润实现较高增长,增持,万联证券,1,,,,,,,银行Ⅱ,2020-08-28,https://pdf.dfcfw.com/pdf/H3_AP202008281402937636_1.pdf
123,000001,平安银行,2020年中报点评：利润下滑11%与拨备覆盖率提升32pct,买入,东吴证券,1,,,,,,,银行Ⅱ,2020-08-28,https://pdf.dfcfw.com/pdf/H3_AP202008281402931207_1.pdf
124,000001,平安银行,详细解读平安银行2020年半年报：低调的利润增速藏不住靓丽的基本面,买入,民生证券,1,,,,,,,银行Ⅱ,2020-08-28,https://pdf.dfcfw.com/pdf/H3_AP202008281402903534_1.pdf
125,000001,平安银行,零售转型依旧亮眼、关注信用卡不良率抬升,买入,华金证券,1,,,,,,,银行Ⅱ,2020-08-28,https://pdf.dfcfw.com/pdf/H3_AP202008281402902991_1.pdf
126,000001,平安银行,Bottom line disappoints but core earnings resilient,买入,招银国际,1,,,,,,,银行Ⅱ,2020-08-28,https://pdf.dfcfw.com/pdf/H3_AP202008281402901187_1.pdf
127,000001,平安银行,首次覆盖报告：科技引领，零售突破：打造全球领先的智能化商业银行,增持,新时代证券,1,,,,,,,银行Ⅱ,2020-06-23,https://pdf.dfcfw.com/pdf/H3_AP202006231386768730_1.pdf
128,000001,平安银行,盈利保持高速增长，资产质量表现平稳,买入,东兴证券,1,,,,,,,银行Ⅱ,2020-04-22,https://pdf.dfcfw.com/pdf/H3_AP202004221378389078_1.pdf
129,000001,平安银行,平安银行：一季报表现亮眼，维持较快增速,买入,太平洋,1,,,,,,,银行Ⅱ,2020-04-22,https://pdf.dfcfw.com/pdf/H3_AP202004221378380230_1.pdf
130,000001,平安银行,季报点评报告：一季度净息差保持基本稳定,增持,万联证券,1,,,,,,,银行Ⅱ,2020-04-22,https://pdf.dfcfw.com/pdf/H3_AP202004221378376458_1.pdf
131,000001,平安银行,零售转型依旧亮眼、关注信用卡不良率抬升,买入,华金证券,1,,,,,,,银行Ⅱ,2020-04-21,https://pdf.dfcfw.com/pdf/H3_AP202004211378353157_1.pdf
132,000001,平安银行,Solid earnings momentum; Asset quality trend is key to watch,买入,招银国际,1,,,,,,,银行Ⅱ,2020-04-21,https://pdf.dfcfw.com/pdf/H3_AP202004211378322817_1.pdf
133,000001,平安银行,盈利增速超预期提升，风险抵补能力增强,买入,中银证券,1,,,,,,,银行Ⅱ,2020-04-21,https://pdf.dfcfw.com/pdf/H3_AP202004211378313880_1.pdf
134,000001,平安银行,点评平安银行一季报：无惧疫情影响，用实力说话,买入,民生证券,1,,,,,,,银行Ⅱ,2020-04-21,https://pdf.dfcfw.com/pdf/H3_AP202004211378310161_1.pdf
135,000001,平安银行,2020年一季报点评：逆势强劲增长14.8%，资产质量总体稳定,买入,东吴证券,1,,,,,,,银行Ⅱ,2020-04-21,https://pdf.dfcfw.com/pdf/H3_AP202004211378307160_1.pdf
136,000001,平安银行,Conference call takeaway – Business outlook remains solid,买入,招银国际,1,,,,,,,银行Ⅱ,2020-03-23,https://pdf.dfcfw.com/pdf/H3_AP202003231376808071_1.pdf
137,000001,平安银行,平安银行深度报告：零售对公双拳出击，旗帜鲜明推平安,买入,民生证券,1,,,,,,,银行Ⅱ,2020-03-02,https://pdf.dfcfw.com/pdf/H3_AP202003021375680722_1.pdf
138,000001,平安银行,透视平安集团年报，掘金银行资源禀赋,买入,东吴证券,1,,,,,,,银行Ⅱ,2020-02-22,https://pdf.dfcfw.com/pdf/H3_AP202002221375386584_1.pdf
139,000001,平安银行,对公复苏，负债改善，净息差强势,买入,东吴证券,1,,,,,,,银行Ⅱ,2020-02-19,https://pdf.dfcfw.com/pdf/H3_AP202002191375248780_1.pdf
140,000001,平安银行,零售业务稳健发展 关注资产质量变动,增持,万联证券,1,,,,,,,银行Ⅱ,2020-02-17,https://pdf.dfcfw.com/pdf/H3_AP202002171375159659_1.pdf
141,000001,平安银行,平安银行年报点评：夯实资产质量，蓄力未来发展,买入,太平洋,1,,,,,,,银行Ⅱ,2020-02-16,https://pdf.dfcfw.com/pdf/H3_AP202002161375155404_1.pdf
142,000001,平安银行,4Q19业绩亮点-息差企稳，派息提升,买入,招银国际,1,,,,,,,银行Ⅱ,2020-02-16,https://pdf.dfcfw.com/pdf/H3_AP202002161375153796_1.pdf
143,000001,平安银行,2019年年报点评：拨备计提增加，不良认定趋严,买入,群益证券,1,,,,,,,银行Ⅱ,2020-02-14,https://pdf.dfcfw.com/pdf/H3_AP202002141375125177_1.pdf
144,000001,平安银行,息差彰显韧性、资产质量持续优化,买入,华金证券,1,,,,,,,银行Ⅱ,2020-02-14,https://pdf.dfcfw.com/pdf/H3_AP202002141375112272_1.pdf
145,000001,平安银行,Stable NIM and rising dividend payout highlight 4Q19 results,买入,招银国际,1,,,,,,,银行Ⅱ,2020-02-14,https://pdf.dfcfw.com/pdf/H3_AP202002141375112009_1.pdf
146,000001,平安银行,平安银行年报点评：夯实资产质量，改善存款成本,买入,民生证券,1,,,,,,,银行Ⅱ,2020-02-14,https://pdf.dfcfw.com/pdf/H3_AP202002141375107233_1.pdf
147,000001,平安银行,主营业务增长强劲，关注资产质量表现,买入,中银证券,1,,,,,,,银行Ⅱ,2020-02-14,https://pdf.dfcfw.com/pdf/H3_AP202002141375107221_1.pdf
148,000001,平安银行,2019年业绩快报点评：主动计提拨备，对公业务复苏初显成效,买入,东吴证券,1,,,,,,,银行Ⅱ,2020-01-14,https://pdf.dfcfw.com/pdf/H3_AP202001141374166371_1.pdf
149,000001,平安银行,存贷业务快增，不良认定趋严,买入,中银国际,1,,,,,,,银行Ⅱ,2020-01-14,https://pdf.dfcfw.com/pdf/H3_AP202001141374050401_1.pdf
150,000001,平安银行,平安银行业绩快报点评：清理包袱加快放贷，真实盈利能力改善,买入,民生证券,1,,,,,,,银行Ⅱ,2020-01-14,https://pdf.dfcfw.com/pdf/H3_AP202001141374050394_1.pdf
151,000001,平安银行,平安银行：资产质量稳定，业绩依然保持较快增长,买入,太平洋,1,,,,,,,银行Ⅱ,2019-10-23,https://pdf.dfcfw.com/pdf/H3_AP201910231369547232_1.pdf
152,000001,平安银行,三季报点评：业绩基本符合预期，收入端增长强劲,买入,群益证券,1,,,,,,,银行Ⅱ,2019-10-23,https://pdf.dfcfw.com/pdf/H3_AP201910231369538899_1.pdf
153,000001,平安银行,2019年三季报点评：净利润保持高增长，资产质量平稳，风险抵补能力提升,买入,东莞证券,1,,,,,,,银行Ⅱ,2019-10-23,https://pdf.dfcfw.com/pdf/H3_AP201910231369538596_1.pdf
154,000001,平安银行,Long-term prospect stays intact despite some NIM pressure,买入,招银国际,1,,,,,,,银行Ⅱ,2019-10-23,https://pdf.dfcfw.com/pdf/H3_AP201910231369524211_1.pdf
155,000001,平安银行,平安银行三季报点评：利润高增长，零售快转型,增持,民生证券,1,,,,,,,银行Ⅱ,2019-10-22,https://pdf.dfcfw.com/pdf/H3_AP201910221369436621_1.pdf
156,000001,平安银行,平安银行2019年三季报点评：零售转型持续显成效，不良平稳,买入,东兴证券,1,,,,,,,银行Ⅱ,2019-10-22,https://pdf.dfcfw.com/pdf/H3_AP201910221369435602_1.pdf
157,000001,平安银行,2019年三季报点评：ROE持续上行，单季度利润创新高,买入,东吴证券,1,,,,,,,银行Ⅱ,2019-10-22,https://pdf.dfcfw.com/pdf/H3_AP201910221369431064_1.pdf
158,000001,平安银行,营收增速提升，息差环比收窄,买入,中银国际,1,,,,,,,银行Ⅱ,2019-10-22,https://pdf.dfcfw.com/pdf/H3_AP201910221369403582_1.pdf
159,000001,平安银行,核心指标全面向好，未来持续超预期,买入,东吴证券,1,,,,,,,银行Ⅱ,2019-08-12,https://pdf.dfcfw.com/pdf/H3_AP201908121342929286_1.pdf
160,000001,平安银行,半年报点评：息差提升推动净利快速增长,增持,群益证券,1,,,,,,,银行Ⅱ,2019-08-08,https://pdf.dfcfw.com/pdf/H3_AP201908081342665393_1.pdf
161,000001,平安银行,点评报告：二季度净息差继续上行,增持,万联证券,1,,,,,,,银行Ⅱ,2019-08-08,https://pdf.dfcfw.com/pdf/H3_AP201908081342662509_1.pdf
162,000001,平安银行,平安银行2019年半年报点评：盈利能力稳步提升，零售业务不断突破,买入,东兴证券,1,,,,,,,银行Ⅱ,2019-08-08,https://pdf.dfcfw.com/pdf/H3_AP201908081342661114_1.pdf
163,000001,平安银行,零售业务步入提质阶段，资产质量优化,买入,华金证券,1,,,,,,,银行Ⅱ,2019-08-08,https://pdf.dfcfw.com/pdf/H3_AP201908081342660372_1.pdf
164,000001,平安银行,All-round improvement; NIM & NPL are bright spots,买入,招银国际,1,,,,,,,银行Ⅱ,2019-08-08,https://pdf.dfcfw.com/pdf/H3_AP201908081342653437_1.pdf
165,000001,平安银行,业绩全面改善，净息差及不良率表现亮眼,买入,招银国际,1,,,,,,,银行Ⅱ,2019-08-08,https://pdf.dfcfw.com/pdf/H3_AP201908081342638362_1.pdf
166,000001,平安银行,息差表现亮眼，零售贡献度持续提升,买入,中银国际,1,,,,,,,银行Ⅱ,2019-08-08,https://pdf.dfcfw.com/pdf/H3_AP201908081342635846_1.pdf
167,000001,平安银行,基本面迎拐点，依托集团转型可期,买入,中银国际,1,,,,,,,银行Ⅱ,2019-07-02,https://pdf.dfcfw.com/pdf/H3_AP201907021337093068_1.pdf
168,000001,平安银行,Best proxy to capture the retail banking boom,买入,招银国际,1,,,,,,,银行Ⅱ,2019-07-01,https://pdf.dfcfw.com/pdf/H3_AP201907011336943414_1.pdf
169,000001,平安银行,零售转型步入盈利提升与资产质量优化新阶段,买入,华金证券,1,,,,,,,银行Ⅱ,2019-06-06,https://pdf.dfcfw.com/pdf/H3_AP201906061333913872_1.pdf
170,000001,平安银行,解码平安：如何成为世界级综合金融集团,,恒大研究院,1,,,,,,,银行Ⅱ,2019-06-06,https://pdf.dfcfw.com/pdf/H3_AP201906061333904295_1.pdf
171,000001,平安银行,一季报点评：息差回升，资产质量继续改善，净利增长提速,买入,群益证券,1,,,,,,,银行Ⅱ,2019-04-25,https://pdf.dfcfw.com/pdf/H3_AP201904251322394377_1.pdf
172,000001,平安银行,2019年一季报点评：业绩提速息差增长，质量扎实拨备增厚,买入,西南证券,1,,,,,,,银行Ⅱ,2019-04-25,https://pdf.dfcfw.com/pdf/H3_AP201904251322346594_1.pdf
173,000001,平安银行,Takeaways from retail banking corporate day,,招银国际,1,,,,,,,银行Ⅱ,2019-03-14,https://pdf.dfcfw.com/pdf/H3_AP201903141305790669_1.pdf
174,000001,平安银行,零售银行开放日纪要,,招银国际,1,,,,,,,银行Ⅱ,2019-03-12,https://pdf.dfcfw.com/pdf/H3_AP201903121304985362_1.pdf
175,000001,平安银行,平安银行18年报业绩点评：零售贷款驱动业绩，净息差环比向好,增持,民生证券,1,,,,,,,银行Ⅱ,2019-03-08,https://pdf.dfcfw.com/pdf/H3_AP201903081304235439_1.pdf
176,000001,平安银行,年报点评：零售业务高歌猛进，资产质量已得到市场认可,买入,群益证券,1,,,,,,,银行Ⅱ,2019-03-08,https://pdf.dfcfw.com/pdf/H3_AP201903081304112431_1.pdf
177,000001,平安银行,业绩快报点评报告：存量资产质量持续改善,增持,万联证券,1,,,,,,,银行Ⅱ,2019-01-09,https://pdf.dfcfw.com/pdf/H3_AP201901091283541420_1.pdf
178,000001,平安银行,平安银行：终将脱颖而出，强烈推荐,买入,太平洋,1,,,,,,,银行Ⅱ,2019-01-04,https://pdf.dfcfw.com/pdf/H3_AP201901041282292097_1.pdf
179,000001,平安银行,业绩改善符合预期，依托科技平台打造先进银行,买入,西南证券,1,,,,,,,银行Ⅱ,2018-10-26,https://pdf.dfcfw.com/pdf/H3_AP201810261222393259_1.pdf
180,000001,平安银行,点评报告：零售贷款保持快速增长,增持,万联证券,1,,,,,,,银行Ⅱ,2018-10-24,https://pdf.dfcfw.com/pdf/H3_AP201810241220451225_1.pdf
181,000001,平安银行,三季报点评：转型零售成果显著，资产质量表现平稳,买入,群益证券,1,,,,,,,银行Ⅱ,2018-10-24,https://pdf.dfcfw.com/pdf/H3_AP201810241220391312_1.pdf
182,000001,平安银行,平安银行：业绩小幅改善，投资收益大幅增长是主因,买入,太平洋,1,,,,,,,银行Ⅱ,2018-10-24,https://pdf.dfcfw.com/pdf/H3_AP201810241220280787_1.pdf
183,000001,平安银行,零售转型带动息差回升，资产质量趋势值得关注,增持,东吴证券,1,,,,,,,银行Ⅱ,2018-10-24,https://pdf.dfcfw.com/pdf/H3_AP201810241220125856_1.pdf
184,000001,平安银行,借势转型聚焦零售，乘风而起修复估值,买入,西南证券,1,,,,,,,银行Ⅱ,2018-09-07,https://pdf.dfcfw.com/pdf/H3_AP201809071190994648_1.pdf
185,000001,平安银行,半年报点评：速度与质量并重，业绩持续释放,买入,中航证券,1,,,,,,,银行Ⅱ,2018-08-27,https://pdf.dfcfw.com/pdf/H3_AP201808271183439553_1.pdf
186,000001,平安银行,平安银行18年中报业绩点评：零售贷款增速亮眼，资产质量风险可控,增持,民生证券,1,,,,,,,银行Ⅱ,2018-08-16,https://pdf.dfcfw.com/pdf/H3_AP201808161179767568_1.pdf
187,000001,平安银行,半年报点评：非息收入增长强劲，零售不断突破，资产质量平稳,买入,群益证券,1,,,,,,,银行Ⅱ,2018-08-16,https://pdf.dfcfw.com/pdf/H3_AP201808161179537192_1.pdf
188,000001,平安银行,平安银行：手续费增速提升拉动业绩增长，资产质量优于同业平均水平,买入,太平洋,1,,,,,,,银行Ⅱ,2018-08-16,https://pdf.dfcfw.com/pdf/H3_AP201808161179514379_1.pdf
189,000001,平安银行,2018年中报点评：信用卡业务继续放量 成本收入比上升,增持,万联证券,1,,,,,,,银行Ⅱ,2018-08-16,https://pdf.dfcfw.com/pdf/H3_AP201808161179507951_1.pdf
190,000001,平安银行,零售业务稳步发展，带动中收改善,增持,东吴证券,1,,,,,,,银行Ⅱ,2018-08-16,https://pdf.dfcfw.com/pdf/H3_AP201808161179394519_1.pdf
191,000001,平安银行,一季报点评：业绩开始释放，负债压力犹存,买入,中航证券,1,,,,,,,银行Ⅱ,2018-05-03,https://pdf.dfcfw.com/pdf/H3_AP201805031135776758_1.pdf
192,000001,平安银行,2018年1季报点评：资产质量大幅改善，零售战略积极推进,增持,中银国际,1,,,,,,,银行Ⅱ,2018-04-20,https://pdf.dfcfw.com/pdf/H3_AP201804201127126709_1.pdf
193,000001,平安银行,资产质量企稳好转，存款成本上行拖累净息差,增持,东吴证券,1,,,,,,,银行,2018-04-20,https://pdf.dfcfw.com/pdf/H3_AP201804201126978203_1.pdf
194,000001,平安银行,年报点评：业绩符合预期，零售贡献显著,买入,中航证券,1,,,,,,,银行,2018-03-20,https://pdf.dfcfw.com/pdf/H3_AP201803201106866512_1.pdf
195,000001,平安银行,FY17 in line; asset quality and funding challenges persist,中性,交银国际证券,1,,,,,,,银行Ⅱ,2018-03-19,https://pdf.dfcfw.com/pdf/H3_AP201803191105954813_1.pdf
196,000001,平安银行,2017年年报点评：零售转型持续推进，关注存款改善可持续性,增持,中银国际,1,,,,,,,银行Ⅱ,2018-03-16,https://pdf.dfcfw.com/pdf/H3_AP201803160013029735_1.pdf
197,000001,平安银行,年报点评：零售转型深入，资产状况改善,买入,群益证券,1,,,,,,,银行Ⅱ,2018-03-16,https://pdf.dfcfw.com/pdf/H3_AP201803161105217821_1.pdf
198,000001,平安银行,零售业务业绩占比提升，资产质量稳中向好,增持,东吴证券,1,,,,,,,银行Ⅱ,2018-03-15,https://pdf.dfcfw.com/pdf/H3_AP201803151104308852_1.pdf
199,000001,平安银行,依托集团零售转型稳步，向上弹性待业绩拐点,,中银国际,1,,,,,,,银行Ⅱ,2018-01-14,https://pdf.dfcfw.com/pdf/H3_AP201801141077577571_1.pdf
200,000001,平安银行,科技助力转型，转化集团优势为竞争力,买入,交银国际证券,1,,,,,,,银行Ⅱ,2017-11-14,https://pdf.dfcfw.com/pdf/H3_AP201711141036116920_1.pdf
201,000001,平安银行,平安银行三季报点评：零售转型持续推进；资产质量稳定,买入,太平洋,1,,,,,,,银行Ⅱ,2017-10-24,https://pdf.dfcfw.com/pdf/H3_AP201710240974258184_1.pdf
202,000001,平安银行,三季报点评：业绩符合预期，资产状况稳定，零售转型显著,买入,群益证券,1,,,,,,,银行Ⅱ,2017-10-24,https://pdf.dfcfw.com/pdf/H3_AP201710240973520807_1.pdf
203,000001,平安银行,零售转型显成效，资负调整进行时,,中银国际,1,,,,,,,银行Ⅱ,2017-10-23,https://pdf.dfcfw.com/pdf/H3_AP201710230972169151_1.pdf
204,000001,平安银行,2017年三季报点评：零售贷款占比上升，资产质量稳定,,民生证券,1,,,,,,,银行Ⅱ,2017-10-23,https://pdf.dfcfw.com/pdf/H3_AP201710230972019764_1.pdf
205,000001,平安银行,三季报点评：零售转型成效显现，资产质量好转可期,增持,东吴证券,1,,,,,,,银行Ⅱ,2017-10-22,https://pdf.dfcfw.com/pdf/H3_AP201710220971223714_1.pdf
206,000001,平安银行,零售突破，对公做精,买入,交银国际证券,1,,,,,,,银行Ⅱ,2017-08-14,https://pdf.dfcfw.com/pdf/H3_AP201708140798987605_1.pdf
207,000001,平安银行,半年报点评：业绩增长平稳，资产品质整体可控,买入,群益证券,1,,,,,,,银行Ⅱ,2017-08-14,https://pdf.dfcfw.com/pdf/H3_AP201708140798931496_1.pdf
208,000001,平安银行,2017年中报点评：业绩表现低于预期,增持,东莞证券,1,,,,,,,银行Ⅱ,2017-08-14,https://pdf.dfcfw.com/pdf/H3_AP201708140798853161_1.pdf
209,000001,平安银行,中期业绩发布会交流纪要：零售转型启航，不良处置力度加大,增持,东吴证券,1,,,,,,,银行Ⅱ,2017-08-12,https://pdf.dfcfw.com/pdf/H3_AP201708120795472540_1.pdf
210,000001,平安银行,平安银行2017年中报点评：零售发力盈利稳定，资产质量逐步改善,,民生证券,1,,,,,,,银行Ⅱ,2017-08-11,https://pdf.dfcfw.com/pdf/H3_AP201708110791968073_1.pdf
211,000001,平安银行,平安银行半年报点评：不良率小幅上升；零售业务贡献度继续提升,买入,太平洋,1,,,,,,,银行Ⅱ,2017-08-11,https://pdf.dfcfw.com/pdf/H3_AP201708110791941879_1.pdf
212,000001,平安银行,Fundamental recovery takes time;Hold,中性,德意志银行,1,,,,,,,银行Ⅱ,2017-08-11,https://pdf.dfcfw.com/pdf/H3_AP201708110791692599_1.pdf
213,000001,平安银行,息差表现低于预期；零售业务加快发展,,国金证券,1,,,,,,,银行Ⅱ,2017-08-11,https://pdf.dfcfw.com/pdf/H3_AP201708110790844991_1.pdf
214,000001,平安银行,可转债如转股预计提升18年核心CAR约1个百分点,买入,交银国际证券,1,,,,,,,银行Ⅱ,2017-08-04,https://pdf.dfcfw.com/pdf/H3_AP201708040773271384_1.pdf
215,000001,平安银行,息差环比降幅大，不良生成速度放缓,买入,交银国际证券,1,,,,,,,银行Ⅱ,2017-05-18,https://pdf.dfcfw.com/pdf/H3_AP201705180588559083_1.pdf
216,000001,平安银行,息差受累于银行间流动性紧缩,,中银国际,1,,,,,,,银行Ⅱ,2017-04-26,https://pdf.dfcfw.com/pdf/H3_AP201704260532755926_1.pdf
217,000001,平安银行,2017年一季报点评：负债成本上升显著，不良率持平,增持,东莞证券,1,,,,,,,银行Ⅱ,2017-04-25,https://pdf.dfcfw.com/pdf/H3_AP201704250529086696_1.pdf
218,000001,平安银行,平安银行一季报点评：零售持续发力，息差受同业成本拖累,,民生证券,1,,,,,,,银行Ⅱ,2017-04-24,https://pdf.dfcfw.com/pdf/H3_AP201704240528086219_1.pdf
219,000001,平安银行,息差表现低于预期；拨备计提审慎,,国金证券,1,,,,,,,银行Ⅱ,2017-04-24,https://pdf.dfcfw.com/pdf/H3_AP201704240527485931_1.pdf
220,000001,平安银行,年报点评：营收符合预期，资产质量有改善趋势,增持,华融证券,1,,,,,,,银行Ⅱ,2017-03-22,https://pdf.dfcfw.com/pdf/H3_AP201703220428373788_1.pdf
221,000001,平安银行,零售业务核心策略不变,,中银国际,1,,,,,,,银行Ⅱ,2017-03-22,https://pdf.dfcfw.com/pdf/H3_AP201703220427468239_1.pdf
222,000001,平安银行,2016年年报点评：业绩低于预期，估值水平低于同业,增持,东莞证券,1,,,,,,,银行Ⅱ,2017-03-20,https://pdf.dfcfw.com/pdf/H3_AP201703200421759999_1.pdf
223,000001,平安银行,2017年报业绩点评：零售银行初见成效，不良加速认定,,民生证券,1,,,,,,,银行Ⅱ,2017-03-17,https://pdf.dfcfw.com/pdf/H3_AP201703170415156450_1.pdf
224,000001,平安银行,零售金融盈利贡献度大幅提升，息差环比回升,买入,交银国际证券,1,,,,,,,银行Ⅱ,2017-03-07,https://pdf.dfcfw.com/pdf/H3_AP201705190591661168_1.pdf
